case_id,family,category,size_pt,style,width_pt,line_breaks_match,go_visible_line_count,native_visible_line_count,width_delta_pt,height_delta_pt
plex-sans-size-10-regular,IBM Plex Sans,size_style,10,regular,800,True,1,1,-0.5156095600000299,2.080000001569715e-06
plex-sans-size-10-bold,IBM Plex Sans,size_style,10,bold,800,True,1,1,-0.7499837799999796,2.080000001569715e-06
plex-sans-size-10-italic,IBM Plex Sans,size_style,10,italic,800,True,1,1,-0.5468598399999678,2.080000001569715e-06
plex-sans-size-10-bold_italic,IBM Plex Sans,size_style,10,bold_italic,800,True,1,1,-0.3124842799999783,2.080000001569715e-06
plex-sans-size-12-regular,IBM Plex Sans,size_style,12,regular,800,True,1,1,-0.37487499999997453,-0.006250000000022737
plex-sans-size-12-bold,IBM Plex Sans,size_style,12,bold,800,True,1,1,-0.20637499999998,-0.006250000000022737
plex-sans-size-12-italic,IBM Plex Sans,size_style,12,italic,800,True,1,1,0.29125000000004775,-0.006250000000022737
plex-sans-size-12-bold_italic,IBM Plex Sans,size_style,12,bold_italic,800,True,1,1,0.2588749999999891,-0.006250000000022737
plex-sans-size-14-regular,IBM Plex Sans,size_style,14,regular,800,True,1,1,0.3686326583999744,-0.012498960000016268
plex-sans-size-14-bold,IBM Plex Sans,size_style,14,bold,800,True,1,1,0.2153830368000058,-0.012498960000016268
plex-sans-size-14-italic,IBM Plex Sans,size_style,14,italic,800,True,1,1,0.6142575023999939,-0.012498960000016268
plex-sans-size-14-bold_italic,IBM Plex Sans,size_style,14,bold_italic,800,True,1,1,0.7321327912000299,-0.012498960000016268
plex-sans-size-16-regular,IBM Plex Sans,size_style,16,regular,800,True,1,1,-0.15145962704002613,0.012502079999990201
plex-sans-size-16-bold,IBM Plex Sans,size_style,16,bold,800,True,1,1,-0.2632338767999727,0.012502079999990201
plex-sans-size-16-italic,IBM Plex Sans,size_style,16,italic,800,True,1,1,0.4795150208000223,0.012502079999990201
plex-sans-size-16-bold_italic,IBM Plex Sans,size_style,16,bold_italic,800,True,1,1,0.7035155984000312,0.012502079999990201
plex-sans-size-18-regular,IBM Plex Sans,size_style,18,regular,800,True,1,1,-0.04819999999992319,0.006250000000022737
plex-sans-size-18-bold,IBM Plex Sans,size_style,18,bold,800,True,1,1,0.034125000000074124,0.006250000000022737
plex-sans-size-18-italic,IBM Plex Sans,size_style,18,italic,800,True,1,1,0.7248749999999404,0.006250000000022737
plex-sans-size-18-bold_italic,IBM Plex Sans,size_style,18,bold_italic,800,True,1,1,1.0199999999999818,0.006250000000022737
plex-sans-size-24-regular,IBM Plex Sans,size_style,24,regular,800,True,1,1,0.5162749999999505,-0.012499999999988631
plex-sans-size-24-bold,IBM Plex Sans,size_style,24,bold,800,True,1,1,0.10800000000006094,-0.012499999999988631
plex-sans-size-24-italic,IBM Plex Sans,size_style,24,italic,800,True,1,1,0.6449999999999818,-0.012499999999988631
plex-sans-size-24-bold_italic,IBM Plex Sans,size_style,24,bold_italic,800,True,1,1,0.8693749999999909,-0.012499999999988631
plex-sans-size-32-regular,IBM Plex Sans,size_style,32,regular,800,True,1,1,-0.15924816719996215,-0.006239600000014889
plex-sans-size-32-bold,IBM Plex Sans,size_style,32,bold,800,True,1,1,-0.000294496000037725,-0.006239600000014889
plex-sans-size-32-italic,IBM Plex Sans,size_style,32,italic,800,True,1,1,0.7663251600001786,-0.006239600000014889
plex-sans-size-32-bold_italic,IBM Plex Sans,size_style,32,bold_italic,800,True,1,1,1.119828056000074,-0.006239600000014889
plex-sans-size-40-regular,IBM Plex Sans,size_style,40,regular,800,True,1,1,-0.18657682479999949,-1.0400000007848575e-05
plex-sans-size-40-bold,IBM Plex Sans,size_style,40,bold,800,True,1,1,-0.5469556000000466,-1.0400000007848575e-05
plex-sans-size-40-italic,IBM Plex Sans,size_style,40,italic,800,True,1,1,0.8582998248000422,-1.0400000007848575e-05
plex-sans-size-40-bold_italic,IBM Plex Sans,size_style,40,bold_italic,800,True,1,1,1.0866718736000394,-1.0400000007848575e-05
plex-sans-fraction-12.5-regular,IBM Plex Sans,fractional_size,12.5,regular,800,True,1,1,-0.1688521695999725,-0.6499979199999757
plex-sans-fraction-12.5-bold,IBM Plex Sans,fractional_size,12.5,bold,800,True,1,1,-0.5164757672000633,-0.6499979199999757
plex-sans-fraction-16.5-regular,IBM Plex Sans,fractional_size,16.5,regular,800,True,1,1,0.14363650280006368,-0.6624989599999935
plex-sans-fraction-16.5-bold,IBM Plex Sans,fractional_size,16.5,bold,800,True,1,1,-0.3317377887998987,-0.6624989599999935
plex-sans-fraction-27.25-regular,IBM Plex Sans,fractional_size,27.25,regular,800,True,1,1,0.02117499999985739,0.3375000000000341
plex-sans-fraction-27.25-bold,IBM Plex Sans,fractional_size,27.25,bold,800,True,1,1,0.44499999999993634,0.3375000000000341
plex-sans-wrap-12-180-regular,IBM Plex Sans,wrapping,12,regular,180,True,4,4,-0.8536249999999654,2.8549999999999613
plex-sans-wrap-12-180-bold,IBM Plex Sans,wrapping,12,bold,180,True,4,4,0.12192499999997608,2.8549999999999613
plex-sans-wrap-12-360-regular,IBM Plex Sans,wrapping,12,regular,360,True,2,2,-1.9835499999998092,0.7074999999999818
plex-sans-wrap-12-360-bold,IBM Plex Sans,wrapping,12,bold,360,True,2,2,0.04477500000018608,0.7074999999999818
plex-sans-wrap-16-180-regular,IBM Plex Sans,wrapping,16,regular,180,True,7,7,0.20719150271997933,9.68749207999997
plex-sans-wrap-16-180-bold,IBM Plex Sans,wrapping,16,bold,180,True,7,7,0.061367378240078096,9.68749207999997
plex-sans-wrap-16-360-regular,IBM Plex Sans,wrapping,16,regular,360,True,3,3,0.31601089183982367,2.5175020799999857
plex-sans-wrap-16-360-bold,IBM Plex Sans,wrapping,16,bold,360,True,4,4,-0.11646856959993102,4.3699920799999745
plex-sans-wrap-24-180-regular,IBM Plex Sans,wrapping,24,regular,180,True,11,11,-0.06337500000003615,23.86248999999998
plex-sans-wrap-24-180-bold,IBM Plex Sans,wrapping,24,bold,180,True,11,11,-0.032524999999964166,23.86248999999998
plex-sans-wrap-24-360-regular,IBM Plex Sans,wrapping,24,regular,360,True,4,4,0.3939250000000243,7.629989999999964
plex-sans-wrap-24-360-bold,IBM Plex Sans,wrapping,24,bold,360,True,4,4,-0.09827499999994416,7.629989999999964
plex-sans-spacing-1,IBM Plex Sans,paragraph_spacing,16,regular,360,True,2,2,0.7882607102398538,13.625002080000002
plex-sans-spacing-1.15,IBM Plex Sans,paragraph_spacing,16,regular,360,True,2,2,0.7882607102398538,17.228752079999964
plex-sans-spacing-1.5,IBM Plex Sans,paragraph_spacing,16,regular,360,True,2,2,0.7882607102398538,25.797502080000015
plex-sans-hard-break-0,IBM Plex Sans,hard_break,16,regular,420,True,3,3,0.8303274107199172,4.3699920799999745
plex-sans-hard-break-1,IBM Plex Sans,hard_break,16,regular,420,True,2,2,0.3527454350399921,22.43750208
plex-sans-alignment-left,IBM Plex Sans,alignment,16,regular,240,True,2,2,0.4891719729599231,1.6250020800000016
plex-sans-alignment-center,IBM Plex Sans,alignment,16,regular,240,True,2,2,0.48917197295997994,1.6250020800000016
plex-sans-alignment-right,IBM Plex Sans,alignment,16,regular,240,True,2,2,0.4891719729599231,1.6250020800000016
plex-sans-bullet-0-180,IBM Plex Sans,bullet,16,regular,180,True,5,5,0.21421546607996333,12.222492079999995
plex-sans-bullet-0-360,IBM Plex Sans,bullet,16,regular,360,True,2,2,0.4252533590399139,7.625002080000002
plex-sans-bullet-1-180,IBM Plex Sans,bullet,16,regular,180,True,5,5,0.21421546607996333,12.222492079999995
plex-sans-bullet-1-360,IBM Plex Sans,bullet,16,regular,360,True,2,2,0.4252533590399139,7.625002080000002
plex-sans-mixed-styles,IBM Plex Sans,mixed_styles,16,regular,420,True,2,2,0.32741042975999335,1.9925012599999832
plex-sans-mixed-families,IBM Plex Sans,mixed_families,16,regular,420,True,2,2,2.5740605707200075,0.5817503391999708
plex-sans-insets,IBM Plex Sans,insets,16,regular,220,True,3,3,0.27932092831991895,2.5175020799999857
plex-sans-long-word,IBM Plex Sans,long_word,16,regular,120,False,4,4,-1.4771129976000452,4.3699920799999745
plex-sans-punctuation,IBM Plex Sans,punctuation,16,regular,420,True,1,1,0.03264946079997344,0.012502079999990201
plex-mono-size-10-regular,IBM Plex Mono,size_style,10,regular,800,True,1,1,2.112000004217407e-05,2.080000001569715e-06
plex-mono-size-10-bold,IBM Plex Mono,size_style,10,bold,800,True,1,1,2.112000004217407e-05,2.080000001569715e-06
plex-mono-size-10-italic,IBM Plex Mono,size_style,10,italic,800,True,1,1,0.09377112000004217,2.080000001569715e-06
plex-mono-size-10-bold_italic,IBM Plex Mono,size_style,10,bold_italic,800,True,1,1,0.3750211200000422,2.080000001569715e-06
plex-mono-size-12-regular,IBM Plex Mono,size_style,12,regular,800,True,1,1,-0.9896499999999833,-0.006250000000022737
plex-mono-size-12-bold,IBM Plex Mono,size_style,12,bold,800,True,1,1,-0.9896499999999833,-0.006250000000022737
plex-mono-size-12-italic,IBM Plex Mono,size_style,12,italic,800,True,1,1,-0.8802749999999833,-0.006250000000022737
plex-mono-size-12-bold_italic,IBM Plex Mono,size_style,12,bold_italic,800,True,1,1,-0.5521499999999833,-0.006250000000022737
plex-mono-size-14-regular,IBM Plex Mono,size_style,14,regular,800,True,1,1,0.6667105297599392,-0.012498960000016268
plex-mono-size-14-bold,IBM Plex Mono,size_style,14,bold,800,True,1,1,0.6667105297599392,-0.012498960000016268
plex-mono-size-14-italic,IBM Plex Mono,size_style,14,italic,800,True,1,1,0.7917105297599392,-0.012498960000016268
plex-mono-size-14-bold_italic,IBM Plex Mono,size_style,14,bold_italic,800,True,1,1,1.1823355297599392,-0.012498960000016268
plex-mono-size-16-regular,IBM Plex Mono,size_style,16,regular,800,True,1,1,-0.6750788262399681,0.012502079999990201
plex-mono-size-16-bold,IBM Plex Mono,size_style,16,bold,800,True,1,1,-0.6750788262399681,0.012502079999990201
plex-mono-size-16-italic,IBM Plex Mono,size_style,16,italic,800,True,1,1,-0.5344538262399681,0.012502079999990201
plex-mono-size-16-bold_italic,IBM Plex Mono,size_style,16,bold_italic,800,True,1,1,-0.08132882623996807,0.012502079999990201
plex-mono-size-18-regular,IBM Plex Mono,size_style,18,regular,800,True,1,1,0.9896499999999833,0.006250000000022737
plex-mono-size-18-bold,IBM Plex Mono,size_style,18,bold,800,True,1,1,0.9896499999999833,0.006250000000022737
plex-mono-size-18-italic,IBM Plex Mono,size_style,18,italic,800,True,1,1,1.1458999999999833,0.006250000000022737
plex-mono-size-18-bold_italic,IBM Plex Mono,size_style,18,bold_italic,800,True,1,1,1.6615249999999833,0.006250000000022737
plex-mono-size-24-regular,IBM Plex Mono,size_style,24,regular,800,True,1,1,0.6414999999999509,-0.012499999999988631
plex-mono-size-24-bold,IBM Plex Mono,size_style,24,bold,800,True,1,1,0.6414999999999509,-0.012499999999988631
plex-mono-size-24-italic,IBM Plex Mono,size_style,24,italic,800,True,1,1,0.8602499999999509,-0.012499999999988631
plex-mono-size-24-bold_italic,IBM Plex Mono,size_style,24,bold_italic,800,True,1,1,1.5321249999999509,-0.012499999999988631
plex-mono-size-32-regular,IBM Plex Mono,size_style,32,regular,800,True,1,1,-1.0063441311999668,-0.006239600000014889
plex-mono-size-32-bold,IBM Plex Mono,size_style,32,bold,800,True,1,1,-1.0063441311999668,-0.006239600000014889
plex-mono-size-32-italic,IBM Plex Mono,size_style,32,italic,800,True,1,1,-0.7250941311999668,-0.006239600000014889
plex-mono-size-32-bold_italic,IBM Plex Mono,size_style,32,bold_italic,800,True,1,1,0.1811558688000332,-0.006239600000014889
plex-mono-size-40-regular,IBM Plex Mono,size_style,40,regular,800,True,1,1,-0.00010559999986980984,-1.0400000007848575e-05
plex-mono-size-40-bold,IBM Plex Mono,size_style,40,bold,800,True,1,1,-0.00010559999986980984,-1.0400000007848575e-05
plex-mono-size-40-italic,IBM Plex Mono,size_style,40,italic,800,True,1,1,0.3592694000001302,-1.0400000007848575e-05
plex-mono-size-40-bold_italic,IBM Plex Mono,size_style,40,bold_italic,800,True,1,1,1.4842694000001302,-1.0400000007848575e-05
plex-mono-fraction-12.5-regular,IBM Plex Mono,fractional_size,12.5,regular,800,True,1,1,-0.289466733599852,-0.6499979199999757
plex-mono-fraction-12.5-bold,IBM Plex Mono,fractional_size,12.5,bold,800,True,1,1,-0.289466733599852,-0.6499979199999757
plex-mono-fraction-16.5-regular,IBM Plex Mono,fractional_size,16.5,regular,800,True,1,1,0.7895167452000464,-0.6624989599999935
plex-mono-fraction-16.5-bold,IBM Plex Mono,fractional_size,16.5,bold,800,True,1,1,0.7895167452000464,-0.6624989599999935
plex-mono-fraction-27.25-regular,IBM Plex Mono,fractional_size,27.25,regular,800,True,1,1,-0.9675000000002001,0.3375000000000341
plex-mono-fraction-27.25-bold,IBM Plex Mono,fractional_size,27.25,bold,800,True,1,1,-0.9675000000002001,0.3375000000000341
plex-mono-wrap-12-180-regular,IBM Plex Mono,wrapping,12,regular,180,True,7,7,-0.9896499999999833,6.67623999999995
plex-mono-wrap-12-180-bold,IBM Plex Mono,wrapping,12,bold,180,True,7,7,-0.9896499999999833,6.67623999999995
plex-mono-wrap-12-360-regular,IBM Plex Mono,wrapping,12,regular,360,True,3,3,-2.2660749999997734,2.141249999999957
plex-mono-wrap-12-360-bold,IBM Plex Mono,wrapping,12,bold,360,True,3,3,-2.2660749999997734,2.141249999999957
plex-mono-wrap-16-180-regular,IBM Plex Mono,wrapping,16,regular,180,True,8,8,-0.547682676480008,10.579992080000011
plex-mono-wrap-16-180-bold,IBM Plex Mono,wrapping,16,bold,180,True,8,8,-0.547682676480008,10.579992080000011
plex-mono-wrap-16-360-regular,IBM Plex Mono,wrapping,16,regular,360,True,4,4,-1.1528143878401238,4.3699920799999745
plex-mono-wrap-16-360-bold,IBM Plex Mono,wrapping,16,bold,360,True,4,4,-1.1528143878401238,4.3699920799999745
plex-mono-wrap-24-180-regular,IBM Plex Mono,wrapping,24,regular,180,True,14,14,0.3389999999999702,31.504989999999907
plex-mono-wrap-24-180-bold,IBM Plex Mono,wrapping,24,bold,180,True,14,14,0.3389999999999702,31.504989999999907
plex-mono-wrap-24-360-regular,IBM Plex Mono,wrapping,24,regular,360,False,7,6,-42.48650000000009,43.11249000000004
plex-mono-wrap-24-360-bold,IBM Plex Mono,wrapping,24,bold,360,False,7,6,-42.48650000000009,43.11249000000004
plex-mono-spacing-1,IBM Plex Mono,paragraph_spacing,16,regular,360,True,3,3,-1.0891163129600727,14.517492080000011
plex-mono-spacing-1.15,IBM Plex Mono,paragraph_spacing,16,regular,360,True,3,3,-1.0891163129600727,19.08311707999995
plex-mono-spacing-1.5,IBM Plex Mono,paragraph_spacing,16,regular,360,True,3,3,-1.0891163129600727,27.976242079999963
plex-mono-hard-break-0,IBM Plex Mono,hard_break,16,regular,420,True,3,3,-1.1846634252801778,4.3699920799999745
plex-mono-hard-break-1,IBM Plex Mono,hard_break,16,regular,420,True,2,2,-0.9298711257599734,22.43750208
plex-mono-alignment-left,IBM Plex Mono,alignment,16,regular,240,False,3,3,18.480572136320006,2.5175020799999857
plex-mono-alignment-center,IBM Plex Mono,alignment,16,regular,240,False,3,3,18.48057213631995,2.5175020799999857
plex-mono-alignment-right,IBM Plex Mono,alignment,16,regular,240,False,3,3,18.480572136320006,2.5175020799999857
plex-mono-bullet-0-180,IBM Plex Mono,bullet,16,regular,180,True,6,6,-0.4839846016000138,14.074992080000015
plex-mono-bullet-0-360,IBM Plex Mono,bullet,16,regular,360,True,3,3,-1.0572672755200756,8.517502079999986
plex-mono-bullet-1-180,IBM Plex Mono,bullet,16,regular,180,True,6,6,-0.4839846016000138,14.074992080000015
plex-mono-bullet-1-360,IBM Plex Mono,bullet,16,regular,360,True,3,3,-1.0572672755200756,8.517502079999986
plex-mono-mixed-styles,IBM Plex Mono,mixed_styles,16,regular,420,True,2,2,0.38257884767995165,1.9925012599999832
plex-mono-mixed-families,IBM Plex Mono,mixed_families,16,regular,420,True,2,2,1.405735542239995,2.4587520800000107
plex-mono-insets,IBM Plex Mono,insets,16,regular,220,True,4,4,-0.643229788799971,4.3699920799999745
plex-mono-long-word,IBM Plex Mono,long_word,16,regular,120,True,4,4,-0.3565884518400253,4.3699920799999745
plex-mono-punctuation,IBM Plex Mono,punctuation,16,regular,420,True,2,2,-1.2357817139200051,1.6250020800000016
arial-size-10-regular,Arial,size_style,10,regular,800,True,1,1,-0.8881099703999666,0.33000178719998985
arial-size-10-bold,Arial,size_style,10,bold,800,True,1,1,-0.7006087903999401,0.33000178719998985
arial-size-10-italic,Arial,size_style,10,italic,800,True,1,1,-0.12248497039996664,0.33000178719998985
arial-size-10-bold_italic,Arial,size_style,10,bold_italic,800,True,1,1,-0.7162337903999401,0.33000178719998985
arial-size-12-regular,Arial,size_style,12,regular,800,True,1,1,0.21579999999997312,0.39287500000000364
arial-size-12-bold,Arial,size_style,12,bold,800,True,1,1,-0.06852499999996553,0.39287500000000364
arial-size-12-italic,Arial,size_style,12,italic,800,True,1,1,0.44522499999999354,0.39287500000000364
arial-size-12-bold_italic,Arial,size_style,12,bold_italic,800,True,1,1,0.11622499999998581,0.39287500000000364
arial-size-14-regular,Arial,size_style,14,regular,800,True,1,1,0.13798243408001554,0.45575089359999765
arial-size-14-bold,Arial,size_style,14,bold,800,True,1,1,0.4424580193599468,0.45575089359999765
arial-size-14-italic,Arial,size_style,14,italic,800,True,1,1,0.41205747823994443,0.45575089359999765
arial-size-14-bold_italic,Arial,size_style,14,bold_italic,800,True,1,1,0.6632080049599551,0.45575089359999765
arial-size-16-regular,Arial,size_style,16,regular,800,True,1,1,0.32198986623993164,0.5342517871999917
arial-size-16-bold,Arial,size_style,16,bold,800,True,1,1,-0.06905888528001469,0.5342517871999917
arial-size-16-italic,Arial,size_style,16,italic,800,True,1,1,0.6543399548799584,0.5342517871999917
arial-size-16-bold_italic,Arial,size_style,16,bold_italic,800,True,1,1,0.18769108591999384,0.5342517871999917
arial-size-18-regular,Arial,size_style,18,regular,800,True,1,1,0.14140000000003283,0.5971250000000055
arial-size-18-bold,Arial,size_style,18,bold,800,True,1,1,0.10014999999995666,0.5971250000000055
arial-size-18-italic,Arial,size_style,18,italic,800,True,1,1,0.47772500000007767,0.5971250000000055
arial-size-18-bold_italic,Arial,size_style,18,bold_italic,800,True,1,1,0.37727499999996894,0.5971250000000055
arial-size-24-regular,Arial,size_style,24,regular,800,True,1,1,-0.02435000000002674,0.8013750000000073
arial-size-24-bold,Arial,size_style,24,bold,800,True,1,1,0.19787499999995362,0.8013750000000073
arial-size-24-italic,Arial,size_style,24,italic,800,True,1,1,0.4609500000000253,0.8013750000000073
arial-size-24-bold_italic,Arial,size_style,24,bold_italic,800,True,1,1,0.5517499999998563,0.8013750000000073
arial-size-32-regular,Arial,size_style,32,regular,800,True,1,1,0.26922436239993885,1.0528839360000006
arial-size-32-bold,Arial,size_style,32,bold,800,True,1,1,0.47668034960008754,1.0528839360000006
arial-size-32-italic,Arial,size_style,32,italic,800,True,1,1,0.8934498039998289,1.0528839360000006
arial-size-32-bold_italic,Arial,size_style,32,bold_italic,800,True,1,1,0.9589302056000975,1.0528839360000006
arial-size-40-regular,Arial,size_style,40,regular,800,True,1,1,0.23505060639990916,1.3356160640000212
arial-size-40-bold,Arial,size_style,40,bold,800,True,1,1,0.07454453679997641,1.3356160640000212
arial-size-40-italic,Arial,size_style,40,italic,800,True,1,1,0.9801751647999026,1.3356160640000212
arial-size-40-bold_italic,Arial,size_style,40,bold_italic,800,True,1,1,0.7095446888000652,1.3356160640000212
arial-fraction-12.5-regular,Arial,fractional_size,12.5,regular,800,True,1,1,-0.6683524312000202,-0.14599821280000924
arial-fraction-12.5-bold,Arial,fractional_size,12.5,bold,800,True,1,1,-0.8393503639999835,-0.14599821280000924
arial-fraction-16.5-regular,Arial,fractional_size,16.5,regular,800,True,1,1,-0.0016136536000317392,-0.004624106400001438
arial-fraction-16.5-bold,Arial,fractional_size,16.5,bold,800,True,1,1,-0.35248760400008905,-0.004624106400001438
arial-fraction-27.25-regular,Arial,fractional_size,27.25,regular,800,True,1,1,0.3502500000000168,1.1847500000000082
arial-fraction-27.25-bold,Arial,fractional_size,27.25,bold,800,True,1,1,-0.0643750000002683,1.1847500000000082
arial-wrap-12-180-regular,Arial,wrapping,12,regular,180,True,4,4,0.4101999999999748,-1.176499999999976
arial-wrap-12-180-bold,Arial,wrapping,12,bold,180,False,5,5,-14.572224999999946,-1.2996349999999666
arial-wrap-12-360-regular,Arial,wrapping,12,regular,360,True,2,2,0.7788000000001603,0.26975000000004457
arial-wrap-12-360-bold,Arial,wrapping,12,bold,360,True,3,3,-0.4390000000003056,-0.09337499999998045
arial-wrap-16-180-regular,Arial,wrapping,16,regular,180,True,7,7,0.29589143760000525,-3.02825821280004
arial-wrap-16-180-bold,Arial,wrapping,16,bold,180,True,7,7,0.1491927835199931,-3.02825821280004
arial-wrap-16-360-regular,Arial,wrapping,16,regular,360,True,3,3,0.019885688639988075,-0.5732482128000242
arial-wrap-16-360-bold,Arial,wrapping,16,bold,360,True,4,4,0.2352571030398849,-1.1270082128000354
arial-wrap-24-180-regular,Arial,wrapping,24,regular,180,True,11,11,-0.028900000000021464,-11.104884999999967
arial-wrap-24-180-bold,Arial,wrapping,24,bold,180,False,11,11,-10.615349999999978,-11.104884999999967
arial-wrap-24-360-regular,Arial,wrapping,24,regular,360,True,4,4,-0.2150750000001267,-2.2905100000000402
arial-wrap-24-360-bold,Arial,wrapping,24,bold,360,True,5,5,-0.24237500000015189,-3.721135000000004
arial-spacing-1,Arial,paragraph_spacing,16,regular,360,True,2,2,0.24033549472005689,11.740501787200003
arial-spacing-1.15,Arial,paragraph_spacing,16,regular,360,True,2,2,0.24033549472005689,14.622376787199954
arial-spacing-1.5,Arial,paragraph_spacing,16,regular,360,True,2,2,0.24033549472005689,21.506751787200017
arial-hard-break-0,Arial,hard_break,16,regular,420,True,3,3,0.39657729471997527,-2.327008212800024
arial-hard-break-1,Arial,hard_break,16,regular,420,True,2,2,0.38894499391989257,18.386751787200012
arial-alignment-left,Arial,alignment,16,regular,240,True,2,2,0.28597169328003247,0.9405017871999917
arial-alignment-center,Arial,alignment,16,regular,240,True,2,2,0.28597169328003247,0.9405017871999917
arial-alignment-right,Arial,alignment,16,regular,240,True,2,2,0.28597169328003247,0.9405017871999917
arial-bullet-0-180,Arial,bullet,16,regular,180,True,4,4,0.23964037759992607,4.872991787199965
arial-bullet-0-360,Arial,bullet,16,regular,360,True,2,2,0.7232332276798275,6.940501787199992
arial-bullet-1-180,Arial,bullet,16,regular,180,True,4,4,0.27089037759992607,4.872991787199965
arial-bullet-1-360,Arial,bullet,16,regular,360,True,2,2,0.7544832276798275,6.940501787199992
arial-mixed-styles,Arial,mixed_styles,16,regular,420,True,2,2,1.3181607785600136,-0.005748936800046067
arial-mixed-families,Arial,mixed_families,16,regular,420,True,2,2,-0.45153652672001954,1.9800004399999693
arial-insets,Arial,insets,16,regular,220,True,3,3,0.38247061487993506,-0.5732482128000242
arial-long-word,Arial,long_word,16,regular,120,False,4,4,-5.147113005600033,-1.1270082128000354
arial-punctuation,Arial,punctuation,16,regular,420,True,1,1,0.2960236704000181,0.5342517871999917
plex-sans-boundary-16-regular-minus-1,IBM Plex Sans,boundary,16,regular,168.34375,True,2,2,0.1660634115199855,1.6250020800000016
plex-sans-boundary-16-regular-minus-0.15,IBM Plex Sans,boundary,16,regular,169.19375,False,2,1,-34.80993309088001,20.82500207999999
plex-sans-boundary-16-regular-plus-0,IBM Plex Sans,boundary,16,regular,169.34375,True,1,1,0.2525669091199916,0.012502079999990201
plex-sans-boundary-16-regular-plus-0.15,IBM Plex Sans,boundary,16,regular,169.49375,True,1,1,0.2525669091199916,0.012502079999990201
plex-sans-boundary-16-regular-plus-1,IBM Plex Sans,boundary,16,regular,170.34375,True,1,1,0.2525669091199916,0.012502079999990201
plex-sans-boundary-16-bold-minus-1,IBM Plex Sans,boundary,16,bold,177.484375,True,2,2,-0.05961084559999108,1.6250020800000016
plex-sans-boundary-16-bold-minus-0.15,IBM Plex Sans,boundary,16,bold,178.334375,True,2,2,-0.05961084559999108,1.6250020800000016
plex-sans-boundary-16-bold-plus-0,IBM Plex Sans,boundary,16,bold,178.484375,False,1,2,36.94038915440001,-19.18749792
plex-sans-boundary-16-bold-plus-0.15,IBM Plex Sans,boundary,16,bold,178.634375,True,1,1,-0.05960714560004021,0.012502079999990201
plex-sans-boundary-16-bold-plus-1,IBM Plex Sans,boundary,16,bold,179.484375,True,1,1,-0.05960714560004021,0.012502079999990201
plex-sans-boundary-16.5-regular-minus-1,IBM Plex Sans,boundary,16.5,regular,173.578125,True,2,2,-0.2668684719999419,1.815001040000027
plex-sans-boundary-16.5-regular-minus-0.15,IBM Plex Sans,boundary,16.5,regular,174.428125,True,2,2,-0.2668684719999419,1.815001040000027
plex-sans-boundary-16.5-regular-plus-0,IBM Plex Sans,boundary,16.5,regular,174.578125,False,1,2,35.85813152800006,-19.622498959999973
plex-sans-boundary-16.5-regular-plus-0.15,IBM Plex Sans,boundary,16.5,regular,174.728125,True,1,1,-0.31786676960001614,-0.6624989599999935
plex-sans-boundary-16.5-regular-plus-1,IBM Plex Sans,boundary,16.5,regular,175.578125,True,1,1,-0.31786676960001614,-0.6624989599999935
plex-sans-boundary-24-regular-minus-1,IBM Plex Sans,boundary,24,regular,252.984375,True,2,2,0.10507499999994252,2.134999999999991
plex-sans-boundary-24-regular-minus-0.15,IBM Plex Sans,boundary,24,regular,253.834375,True,2,2,0.10507499999994252,2.134999999999991
plex-sans-boundary-24-regular-plus-0,IBM Plex Sans,boundary,24,regular,253.984375,True,1,1,0.15557499999994207,-0.012499999999988631
plex-sans-boundary-24-regular-plus-0.15,IBM Plex Sans,boundary,24,regular,254.134375,True,1,1,0.15557499999994207,-0.012499999999988631
plex-sans-boundary-24-regular-plus-1,IBM Plex Sans,boundary,24,regular,254.984375,True,1,1,0.15557499999994207,-0.012499999999988631
plex-sans-boundary-24-bold-minus-1,IBM Plex Sans,boundary,24,bold,266.6875,True,2,2,-0.13687500000003183,2.134999999999991
plex-sans-boundary-24-bold-minus-0.15,IBM Plex Sans,boundary,24,bold,267.5375,True,2,2,-0.13687500000003183,2.134999999999991
plex-sans-boundary-24-bold-plus-0,IBM Plex Sans,boundary,24,bold,267.6875,False,1,2,55.34749999999997,-29.05250000000001
plex-sans-boundary-24-bold-plus-0.15,IBM Plex Sans,boundary,24,bold,267.8375,True,1,1,-0.15250000000008868,-0.012499999999988631
plex-sans-boundary-24-bold-plus-1,IBM Plex Sans,boundary,24,bold,268.6875,True,1,1,-0.15250000000008868,-0.012499999999988631
plex-mono-boundary-16-regular-minus-1,IBM Plex Mono,boundary,16,regular,219.65625,True,2,2,-0.547682676480008,1.6250020800000016
plex-mono-boundary-16-regular-minus-0.15,IBM Plex Mono,boundary,16,regular,220.50625,True,2,2,-0.547682676480008,1.6250020800000016
plex-mono-boundary-16-regular-plus-0,IBM Plex Mono,boundary,16,regular,220.65625,False,1,2,47.42106732351999,-19.18749792
plex-mono-boundary-16-regular-plus-0.15,IBM Plex Mono,boundary,16,regular,220.80625,False,1,2,47.42106732351999,-19.18749792
plex-mono-boundary-16-regular-plus-1,IBM Plex Mono,boundary,16,regular,221.65625,True,1,1,-0.7069278636799936,0.012502079999990201
plex-mono-boundary-16-bold-minus-1,IBM Plex Mono,boundary,16,bold,219.65625,True,2,2,-0.547682676480008,1.6250020800000016
plex-mono-boundary-16-bold-minus-0.15,IBM Plex Mono,boundary,16,bold,220.50625,True,2,2,-0.547682676480008,1.6250020800000016
plex-mono-boundary-16-bold-plus-0,IBM Plex Mono,boundary,16,bold,220.65625,False,1,2,47.42106732351999,-19.18749792
plex-mono-boundary-16-bold-plus-0.15,IBM Plex Mono,boundary,16,bold,220.80625,False,1,2,47.42106732351999,-19.18749792
plex-mono-boundary-16-bold-plus-1,IBM Plex Mono,boundary,16,bold,221.65625,True,1,1,-0.7069278636799936,0.012502079999990201
plex-mono-boundary-16.5-regular-minus-1,IBM Plex Mono,boundary,16.5,regular,226.84375,True,2,2,0.23240838024003097,1.815001040000027
plex-mono-boundary-16.5-regular-minus-0.15,IBM Plex Mono,boundary,16.5,regular,227.69375,False,2,1,-49.14408929615996,20.775001040000006
plex-mono-boundary-16.5-regular-plus-0,IBM Plex Mono,boundary,16.5,regular,227.84375,True,1,1,0.3871607038400384,-0.6624989599999935
plex-mono-boundary-16.5-regular-plus-0.15,IBM Plex Mono,boundary,16.5,regular,227.99375,True,1,1,0.3871607038400384,-0.6624989599999935
plex-mono-boundary-16.5-regular-plus-1,IBM Plex Mono,boundary,16.5,regular,228.84375,True,1,1,0.3871607038400384,-0.6624989599999935
plex-mono-boundary-24-regular-minus-1,IBM Plex Mono,boundary,24,regular,330.34375,True,2,2,0.52049999999997,2.134999999999991
plex-mono-boundary-24-regular-minus-0.15,IBM Plex Mono,boundary,24,regular,331.19375,False,2,1,-71.35950000000003,31.17500000000001
plex-mono-boundary-24-regular-plus-0,IBM Plex Mono,boundary,24,regular,331.34375,True,1,1,0.6717499999999745,-0.012499999999988631
plex-mono-boundary-24-regular-plus-0.15,IBM Plex Mono,boundary,24,regular,331.49375,True,1,1,0.6717499999999745,-0.012499999999988631
plex-mono-boundary-24-regular-plus-1,IBM Plex Mono,boundary,24,regular,332.34375,True,1,1,0.6717499999999745,-0.012499999999988631
plex-mono-boundary-24-bold-minus-1,IBM Plex Mono,boundary,24,bold,330.34375,True,2,2,0.52049999999997,2.134999999999991
plex-mono-boundary-24-bold-minus-0.15,IBM Plex Mono,boundary,24,bold,331.19375,False,2,1,-71.35950000000003,31.17500000000001
plex-mono-boundary-24-bold-plus-0,IBM Plex Mono,boundary,24,bold,331.34375,True,1,1,0.6717499999999745,-0.012499999999988631
plex-mono-boundary-24-bold-plus-0.15,IBM Plex Mono,boundary,24,bold,331.49375,True,1,1,0.6717499999999745,-0.012499999999988631
plex-mono-boundary-24-bold-plus-1,IBM Plex Mono,boundary,24,bold,332.34375,True,1,1,0.6717499999999745,-0.012499999999988631
arial-boundary-16-regular-minus-1,Arial,boundary,16,regular,166.359375,True,2,2,0.16186324943996055,0.9405017871999917
arial-boundary-16-regular-minus-0.15,Arial,boundary,16,regular,167.209375,False,2,1,-34.48453328592001,18.94050178719999
arial-boundary-16-regular-plus-0,Arial,boundary,16,regular,167.359375,True,1,1,0.24984171407999156,0.5342517871999917
arial-boundary-16-regular-plus-0.15,Arial,boundary,16,regular,167.509375,True,1,1,0.24984171407999156,0.5342517871999917
arial-boundary-16-regular-plus-1,Arial,boundary,16,regular,168.359375,True,1,1,0.24984171407999156,0.5342517871999917
arial-boundary-16-bold-minus-1,Arial,boundary,16,bold,180.84375,True,2,2,0.14556443231998628,0.9405017871999917
arial-boundary-16-bold-minus-0.15,Arial,boundary,16,bold,181.69375,True,2,2,0.14556443231998628,0.9405017871999917
arial-boundary-16-bold-plus-0,Arial,boundary,16,bold,181.84375,True,1,1,0.12856817151998712,0.5342517871999917
arial-boundary-16-bold-plus-0.15,Arial,boundary,16,bold,181.99375,True,1,1,0.12856817151998712,0.5342517871999917
arial-boundary-16-bold-plus-1,Arial,boundary,16,bold,182.84375,True,1,1,0.12856817151998712,0.5342517871999917
arial-boundary-16.5-regular-minus-1,Arial,boundary,16.5,regular,171.390625,True,2,2,0.06975642759994116,-0.9402491064000174
arial-boundary-16.5-regular-minus-0.15,Arial,boundary,16.5,regular,172.240625,False,2,1,-35.63874189200004,18.9797508936
arial-boundary-16.5-regular-plus-0,Arial,boundary,16.5,regular,172.390625,True,1,1,0.1268831079999586,-0.004624106400001438
arial-boundary-16.5-regular-plus-0.15,Arial,boundary,16.5,regular,172.540625,True,1,1,0.1268831079999586,-0.004624106400001438
arial-boundary-16.5-regular-plus-1,Arial,boundary,16.5,regular,173.390625,True,1,1,0.1268831079999586,-0.004624106400001438
arial-boundary-24-regular-minus-1,Arial,boundary,24,regular,249.8125,True,2,2,-0.11149999999997817,-0.6292500000000132
arial-boundary-24-regular-minus-0.15,Arial,boundary,24,regular,250.6625,True,2,2,-0.11149999999997817,-0.6292500000000132
arial-boundary-24-regular-plus-0,Arial,boundary,24,regular,250.8125,False,1,2,51.91975000000002,-28.238625000000013
arial-boundary-24-regular-plus-0.15,Arial,boundary,24,regular,250.9625,False,1,2,51.91975000000002,-28.238625000000013
arial-boundary-24-regular-plus-1,Arial,boundary,24,regular,251.8125,True,1,1,-0.17465000000004238,0.8013750000000073
arial-boundary-24-bold-minus-1,Arial,boundary,24,bold,271.484375,True,2,2,0.021175000000056343,-0.6292500000000132
arial-boundary-24-bold-minus-0.15,Arial,boundary,24,bold,272.334375,True,2,2,0.021175000000056343,-0.6292500000000132
arial-boundary-24-bold-plus-0,Arial,boundary,24,bold,272.484375,True,1,1,0.0891750000000684,0.8013750000000073
arial-boundary-24-bold-plus-0.15,Arial,boundary,24,bold,272.634375,True,1,1,0.0891750000000684,0.8013750000000073
arial-boundary-24-bold-plus-1,Arial,boundary,24,bold,273.484375,True,1,1,0.0891750000000684,0.8013750000000073
