Source page	Output page	Slide ID	Hidden	Shared recipe	Local derivative	Visible title
1	1	patterson-001	false	cover/grid	true	
2	2	patterson-002	false	divider/inverse	true	
3	3	patterson-003	false	understanding-drivers/central-ask	false	Modernize Eaglesoft without disruption
4	4	patterson-004	false	text/statement-and-support	true	Approach considerations
5	5	patterson-005	false	architecture/nested-right	true	
6	6	patterson-006	false	divider/inverse	true	
7	7	patterson-007	false	architecture/today-vs-target	true	
8	8	patterson-008	true	architecture/layers	false	Decouple the on-premises target layers
9	9	patterson-009	false	architecture/layers-3d	true	
10	10	patterson-010	false	text/statement-and-support	true	Voice of Customer
11	11	patterson-011	false	patterns/three-rows	false	Pilot the right React entry route
12	12	patterson-012	false	sequence/steps-detail	true	
13	13	patterson-013	false	lifecycle/three-phases	true	Rationalize, build and sustain value
14	14	patterson-014	false	architecture/product	true	
15	15	patterson-015	false	divider/inverse	true	
16	16	patterson-016	false	text/two-column	false	Prove each change across the full stack
17	17	patterson-017	false	plan/gantt	true	Modernization and performance progress together
18	18	patterson-018	false	divider/inverse	true	
19	19	patterson-019	true	context/three-zones	true	
20	20	patterson-020	false	workstreams/five-with-risks	true	
21	21	patterson-021	false	text/statement-and-support	true	Migration decision matrix
22	22	patterson-022	false	plan/gantt	true	Prove a journey, then launch pods
23	23	patterson-023	false	team/org-roles	true	
24	24	patterson-024	false	team/pods-pairs	true	
25	25	patterson-025	false	understanding-pair/scope	true	
26	26	patterson-026	false	text/statement-and-support	true	Proposed fees and team structure
27	27	patterson-027	false	text/statement-and-support	true	Decisions and next steps
28	28	patterson-028	false	divider/inverse	true	
29	29	patterson-029	false	case-study/quote	true	AI accelerated a legacy 4GL rebuild
30	30	patterson-030	false	case-study/exhibit	true	
31	31	patterson-031	true	cards/narrative-2x3	true	Six capabilities support controlled implementation
32	32	patterson-032	false	divider/inverse	true	
33	33	patterson-033	false	bio-full/portrait-list	false	Tyler Giesting
34	34	patterson-034	false	bio-full/portrait-list	false	Dhaval Moogimane
35	35	patterson-035	false	bio-full/portrait-list	false	Erik Brown
36	36	patterson-036	false	bio-full/portrait-list	false	Ri Scott
37	37	patterson-037	true	cards/narrative-2x3	true	Mobilize Phase 0 and establish the baseline
38	38	patterson-038	true	sequence/steps-detail	true	Move priority journeys from inventory to handoff
39	39	patterson-039	true	architecture/nested-right	true	
